time,selected_tau,r2_scores,current_q,ref_q_current,predicted_ca_j5_at_tau,predicted_cb_j5_at_tau,true_ca_j5_at_tau,true_cb_j5_at_tau
0.0,1,"{'1': -inf, '2': -inf}",0.0,0.0,228.96412356751878,110.7465510453478,170.3182453233493,169.6817546766507
0.03333333333,1,"{'1': -5011.5805940961, '2': -inf}",0.0,0.0,229.87574092066149,109.54119156763375,171.13293116612073,168.86706883387927
0.06666666666,1,"{'1': -1386.4951047144762, '2': -inf}",0.0,0.0,228.96406218140348,109.73429099394666,172.444188886883,167.555811113117
0.09999999999,1,"{'1': -515.5346662151125, '2': -inf}",0.0,0.0,227.78130666758608,111.02350984569206,174.25214984420475,165.74785015579522
0.13333333332,1,"{'1': -211.93380158603034, '2': -inf}",0.0,0.0,216.04192676011456,127.33918836460867,176.5569453966546,163.44305460334536
0.16666666665,1,"{'1': -104.32205479584448, '2': -inf}",0.0,0.0,222.8477149630547,117.86717903075855,179.3587069028013,160.6412930971987
0.19999999998,1,"{'1': -65.56708546257079, '2': -inf}",0.0,0.0,252.1302762291754,90.93079294199258,182.65756572121336,157.34243427878664
0.23333333331,1,"{'1': -53.8070490708494, '2': -inf}",0.0,0.0,282.39955370927356,42.62491956174737,186.27170206251225,153.72829793748775
0.26666666664,1,"{'1': -35.37152154414124, '2': -inf}",0.0,0.0,116.97663312236236,195.1590144014352,189.88618387648108,150.11381612351892
0.29999999997,1,"{'1': -22.991890796602046, '2': -inf}",0.0,0.0,201.25873114815948,98.89512381887924,193.50162110863832,146.49837889136168
0.3333333333,1,"{'1': -15.864672768735531, '2': -inf}",0.0,0.0,149.84364062313614,170.76107089636577,197.11801375898395,142.88198624101605
0.36666666662999997,1,"{'1': -10.943003399871976, '2': -inf}",0.0,0.0,207.3054122761129,123.96703080839984,200.735361827518,139.26463817248202
0.39999999996,1,"{'1': -7.740523752091084, '2': -inf}",0.0,0.0,209.42054886484186,128.3976777212083,204.3536653142404,135.6463346857596
0.43333333329,1,"{'1': -5.996180454068488, '2': -inf}",0.0,0.0,258.1003982458028,83.5343989629593,207.9729242191512,132.02707578084878
0.46666666662,1,"{'1': -4.836572391659312, '2': -inf}",0.0,0.0,263.6024289885849,66.2214932337198,211.5103895565048,128.48961044349522
0.49999999995,1,"{'1': -3.6383887216164847, '2': -inf}",0.0,0.0,221.43408009017946,108.62854579325298,214.5740532252044,125.4259467747956
0.53333333328,1,"{'1': -2.831945662770549, '2': -inf}",0.0069101762578872,0.0069101762578872,188.61615029623684,144.37451643004212,216.54940773218004,123.45059226781996
0.56666666661,1,"{'1': -2.3016046744056426, '2': -inf}",0.3329524809138804,0.3329524809138804,240.43791642243536,96.37510007399229,215.72713411963085,124.27286588036914
0.59999999994,1,"{'1': -1.9528303580496087, '2': -inf}",2.07295883127691,2.07295883127691,213.578418009847,119.4636470045975,210.596503139139,129.403496860861
0.63333333327,1,"{'1': -1.8226158859597157, '2': -inf}",6.519022471753004,6.519022471753004,160.54172772614683,169.84123640894958,206.23547259716693,133.76452740283307
0.6666666666,1,"{'1': -1.721302602883835, '2': -inf}",10.271306465610431,10.271306465610431,167.20179643333626,166.0338854209974,201.1792555869967,138.82074441300327
0.69999999993,1,"{'1': -1.6433945034427921, '2': -inf}",14.15708651392258,14.15708651392258,199.5231468044947,134.3347854692191,193.59667252694155,146.40332747305845
0.7333333332599999,1,"{'1': -1.7676023899141988, '2': -inf}",19.480985585705877,19.480985585705877,243.75122194198906,95.22202573498652,187.9889533462259,152.0110466537741
0.7666666665899999,1,"{'1': -1.8199497280566619, '2': -inf}",23.453555312052977,23.453555312052977,220.83316125191212,119.54218566636357,182.77285916892,157.22714083108
0.79999999992,1,"{'1': -1.8141696441629742, '2': -inf}",27.281196373747395,27.281196373747395,173.73520124119364,166.9057620818892,176.47520599247756,163.52479400752242
0.83333333325,1,"{'1': -1.81978602501683, '2': -inf}",31.97926945174926,31.97926945174926,161.84171841934636,179.07844930545937,172.43697119685888,167.56302880314112
0.86666666658,1,"{'1': -1.8290816211131111, '2': -inf}",35.20123388651601,35.20123388651601,151.62299148506224,178.10752899749238,169.05208190243297,170.94791809756703
0.89999999991,1,"{'1': -1.8825056989583553, '2': -inf}",38.08757355406146,38.08757355406146,195.67222859131945,139.45249187833133,165.63420521603572,174.36579478396425
0.93333333324,1,"{'1': -2.018247363907158, '2': -inf}",41.15255920308765,41.15255920308765,215.83532880768973,124.1568621373496,164.30587466140776,175.69412533859222
0.96666666657,1,"{'1': -2.0318428683932694, '2': -inf}",42.83230467955102,42.83230467955102,186.4468462166826,160.92115020064296,163.66720526020188,176.33279473979812
0.9999999999,1,"{'1': -2.0462768349816844, '2': -inf}",44.11728388580818,44.11728388580818,149.60253922573622,200.93400488722938,163.58560130445326,176.4143986955467
1.0333333332299999,1,"{'1': -2.0445203389972217, '2': -inf}",45.15965052916645,45.15965052916645,161.02943099011512,184.3565785770828,164.79990704452354,175.20009295547644
1.06666666656,1,"{'1': -2.0438166589143316, '2': -inf}",45.37394212432521,45.37394212432521,172.11863457673897,169.30804199598174,166.44463664574835,173.5553633542516
1.09999999989,1,"{'1': -2.6576612559748214, '2': -inf}",45.34659976189797,45.34659976189797,59.63881020722121,279.1021428360713,168.30153437094415,171.69846562905582
1.13333333322,1,"{'1': -2.66348207686861, '2': -inf}",45.238533820376,45.238533820376,159.6905910263494,180.53568334272128,170.09473565889954,169.90526434110046
1.16666666655,1,"{'1': -2.7048219224585157, '2': -inf}",45.1746557783892,45.1746557783892,143.53722540860852,196.41833363256586,171.7980116325675,168.2019883674325
1.19999999988,1,"{'1': -2.7470961935059552, '2': -inf}",45.16966458600201,45.16966458600201,143.34495968096968,194.47565197683076,173.60280283521223,166.39719716478777
1.23333333321,1,"{'1': -2.7636021858480726, '2': -inf}",45.11795968028891,45.11795968028891,154.10285703434513,184.44107460328226,175.40635520162107,164.59364479837893
1.26666666654,1,"{'1': -2.7822753155190005, '2': -inf}",45.04879960929616,45.04879960929616,153.74396999878311,186.2806825537055,177.06883722064745,162.93116277935252
1.29999999987,1,"{'1': -2.7960892757254023, '2': -inf}",45.06757033975458,45.06757033975458,155.64536376115439,185.2141705656607,178.7312138106918,161.2687861893082
1.3333333332,1,"{'1': -2.7761995489478304, '2': -inf}",45.10439116957847,45.10439116957847,175.70657096222544,166.12105115086814,180.4762928145161,159.52370718548386
1.36666666653,1,"{'1': -2.768974058027683, '2': -inf}",45.08956759167216,45.08956759167216,163.80227852857064,180.23867940592768,182.18680204969837,157.81319795030163
1.39999999986,1,"{'1': -2.752856581345274, '2': -inf}",45.08311408043863,45.08311408043863,163.60555118182353,176.24517412147716,183.85155728710023,156.1484427128997
1.43333333319,1,"{'1': -2.825083482022892, '2': -inf}",45.11403756703944,45.11403756703944,136.7050897362181,202.39364094381799,185.5546740255137,154.44532597448628
1.4666666665199999,1,"{'1': -2.9694445340865694, '2': -inf}",45.12631379132005,45.12631379132005,120.93244547844897,213.57683198809167,187.2817167476736,152.71828325232644
1.49999999985,1,"{'1': -2.9253807672037273, '2': -inf}",45.11431198503902,45.11431198503902,166.97915975562515,174.26570451948095,188.84971929970436,151.15028070029567
1.5333333331799999,1,"{'1': -2.856582974318944, '2': -inf}",45.17522743117586,45.17522743117586,204.22701113507654,136.926886200088,190.3045919867742,149.6954080132258
1.56666666651,1,"{'1': -2.7756681678751667, '2': -inf}",45.22913651930938,45.22913651930938,199.72697603822814,139.20347259201208,191.64014307336373,148.35985692663627
1.59999999984,1,"{'1': -2.8529194648441134, '2': -inf}",45.26319766995887,45.26319766995887,130.3039807833497,205.53877455002444,192.77570052304264,147.22429947695736
1.63333333317,1,"{'1': -2.758366300794132, '2': -inf}",45.322851988390696,45.322851988390696,189.01233880934794,148.8492297466752,193.55621329304597,146.44378670695403
1.6666666665,1,"{'1': -2.66962500612305, '2': -inf}",45.5122835298505,45.5122835298505,191.76278023208587,147.86940869778834,193.3226374863563,146.6773625136437
1.69999999983,1,"{'1': -2.601815828968533, '2': -inf}",46.244015323541085,46.244015323541085,210.3252785603393,134.78617656475498,192.38003166536245,147.61996833463752
1.73333333316,1,"{'1': -2.547405505852052, '2': -inf}",47.37221683335993,47.37221683335993,207.9850916586383,134.60399069013815,190.7942297693885,149.2057702306115
1.76666666649,1,"{'1': -2.5710460732892204, '2': -inf}",48.87551429475732,48.87551429475732,227.8289169762095,108.13222962427915,188.15134377194016,151.84865622805984
1.79999999982,1,"{'1': -2.540059175527163, '2': -inf}",51.04927572877924,51.04927572877924,170.75963677807226,164.07614069025902,186.1465804129548,153.8534195870452
1.83333333315,1,"{'1': -2.5390603504256672, '2': -inf}",52.68494447856158,52.68494447856158,156.81461967799578,180.33024126559573,183.9231154702764,156.07688452972363
1.86666666648,1,"{'1': -2.596493603786595, '2': -inf}",54.36613560234825,54.36613560234825,137.33848637503309,201.511976542741,180.84681925159165,159.15318074840835
1.89999999981,1,"{'1': -2.640168349134781, '2': -inf}",56.55990082997288,56.55990082997288,139.92507107245058,196.2597236768437,178.51794698308888,161.48205301691112
1.93333333314,1,"{'1': -2.645353318620192, '2': -inf}",58.071192696497874,58.071192696497874,157.10427748656258,176.85630863398424,176.05837752245284,163.94162247754713
1.9666666664699999,1,"{'1': -2.6527838721710224, '2': -inf}",59.443604754727126,59.443604754727126,155.3677282164821,178.17872169057267,173.06068677712506,166.93931322287494
1.9999999998,1,"{'1': -2.673769373543825, '2': -inf}",60.98142067536766,60.98142067536766,144.85068907435195,188.8766668682631,170.701763372179,169.298236627821
2.03333333313,1,"{'1': -2.695250241523663, '2': -inf}",61.83830055011728,61.83830055011728,142.64439676301396,192.52975224958266,168.31697608638092,171.68302391361905
2.0666666664599997,1,"{'1': -2.737171091267135, '2': -inf}",62.47750143026493,62.47750143026493,130.7642141967668,206.04736143782796,165.71781727358416,174.28218272641584
2.09999999979,1,"{'1': -2.7312908925321007, '2': -inf}",63.03439304384696,63.03439304384696,167.32575461893867,171.2733366632594,163.24397587230095,176.75602412769902
2.13333333312,1,"{'1': -2.844587678928475, '2': -inf}",63.26915071029948,63.26915071029948,213.1749921531798,119.3832752959276,160.76735325699883,179.23264674300117
2.16666666645,1,"{'1': -3.05582514853051, '2': -inf}",63.27670644018509,63.27670644018509,228.1586162832265,99.15717577291156,158.03458501772508,181.9654149822749
2.19999999978,1,"{'1': -3.03975457817824, '2': -inf}",63.25042242203494,63.25042242203494,170.40491996265283,158.04511613619178,155.26901804190862,184.73098195809135
2.23333333311,1,"{'1': -2.9975130094954565, '2': -inf}",63.2425352507355,63.2425352507355,165.538570677425,177.6202501743014,152.62040306600466,187.37959693399532
2.26666666644,1,"{'1': -2.9369634234658006, '2': -inf}",63.16477350995648,63.16477350995648,153.8656818018321,186.9935759810641,150.01060511037878,189.9893948896212
2.29999999977,1,"{'1': -2.928847905860065, '2': -inf}",63.05158815694334,63.05158815694334,104.65554287241167,234.79148937881877,147.36421372441123,192.6357862755888
2.3333333331,1,"{'1': -2.8396382530757562, '2': -inf}",62.95711960174546,62.95711960174546,148.29652899477443,196.8023487465215,145.0588402939939,194.9411597060061
2.36666666643,1,"{'1': -2.7466094239780396, '2': -inf}",62.66659578158524,62.66659578158524,157.27626176859843,188.3940324316942,143.2854628757879,196.7145371242121
2.39999999976,1,"{'1': -2.6811881696123527, '2': -inf}",62.04206072537576,62.04206072537576,111.90121209864776,229.552739124785,142.38024649398344,197.61975350601656
2.4333333330899998,1,"{'1': -2.6553160912019176, '2': -inf}",60.84080239764061,60.84080239764061,97.65027337264046,235.5997500421174,143.52326807315313,196.47673192684687
2.46666666642,1,"{'1': -2.579697270545855, '2': -inf}",58.263891800036426,58.263891800036426,148.18390778591478,181.31314681773551,144.43859173541566,195.56140826458437
2.49999999975,1,"{'1': -2.5590321170528756, '2': -inf}",55.9320196443191,55.9320196443191,110.75359657495554,235.4494374751488,145.78551988522582,194.21448011477415
2.53333333308,1,"{'1': -2.513600614264624, '2': -inf}",53.52631775286317,53.52631775286317,145.55219693395574,204.6435985591773,149.33046215167786,190.6695378483221
2.5666666664099997,1,"{'1': -2.500841372561019, '2': -inf}",49.87817447239286,49.87817447239286,178.12651647989216,160.3406726145016,152.17895994879265,187.82104005120732
2.59999999974,1,"{'1': -2.5276262628296498, '2': -inf}",46.9012948499068,46.9012948499068,191.74396788338956,141.52263033258293,155.70063271916246,184.29936728083757
2.63333333307,1,"{'1': -2.5212656648920078, '2': -inf}",43.70659080927688,43.70659080927688,157.04922772982815,187.90277143288856,161.48331378763584,178.51668621236414
2.6666666664,1,"{'1': -2.5461640860146666, '2': -inf}",39.15854520762333,39.15854520762333,136.13716210010486,203.79303290197203,165.52626555248716,174.47373444751284
2.69999999973,1,"{'1': -2.5467256618343153, '2': -inf}",35.965653265092854,35.965653265092854,163.8774924580305,174.51145151801418,169.13698812713545,170.86301187286452
2.73333333306,1,"{'1': -2.5729226864759576, '2': -inf}",33.28190476865061,33.28190476865061,204.38476791609048,138.8140748327412,173.3067205364161,166.69327946358388
2.76666666639,1,"{'1': -2.576941367911152, '2': -inf}",30.302184874039355,30.302184874039355,193.14490252072693,149.33366950144472,175.9732996602432,164.0267003397568
2.79999999972,1,"{'1': -2.5694738235915318, '2': -inf}",28.338691709047986,28.338691709047986,178.5626181597513,162.67169235687177,178.16692270531607,161.8330772946839
2.83333333305,1,"{'1': -2.561925083801687, '2': -inf}",26.6296957260104,26.6296957260104,167.5157682516474,169.5017346684959,180.1533584566393,159.8466415433607
2.86666666638,1,"{'1': -2.5734316550520444, '2': -inf}",24.969000626709256,24.969000626709256,152.0374985215277,186.4062106752695,180.74222779600672,159.25777220399328
2.89999999971,1,"{'1': -2.6338741999545725, '2': -inf}",24.23540237644368,24.23540237644368,132.46066265328278,208.14497986965912,180.72003388675225,159.27996611324775
2.9333333330399998,1,"{'1': -2.7155057379260747, '2': -inf}",23.868079207681436,23.868079207681436,127.66900860874709,217.03019742718462,180.1907434950206,159.8092565049794
2.96666666637,1,"{'1': -2.706907634773342, '2': -inf}",23.843082349673097,23.843082349673097,172.94814925705003,168.7458996245363,179.47973544948053,160.52026455051947
2.9999999997,1,"{'1': -2.6987826331217035, '2': -inf}",23.90256593691058,23.90256593691058,177.44715871026537,167.0410169818895,178.71220512690772,161.28779487309225
3.03333333303,1,"{'1': -2.6961233536203637, '2': -inf}",23.955536097030443,23.955536097030443,167.68543847646114,175.31999760650638,177.76381274792976,162.23618725207024
3.0666666663599997,1,"{'1': -2.6950661565909697, '2': -inf}",24.05915570836883,24.05915570836883,189.48936385945927,153.47989110775524,176.679823926877,163.320176073123
3.09999999969,1,"{'1': -2.696497194794455, '2': -inf}",24.21272430834161,24.21272430834161,190.3139651337238,154.4442070281268,175.52769543521367,164.4723045647863
3.13333333302,1,"{'1': -2.699342584861294, '2': -inf}",24.36563720590715,24.36563720590715,164.30931821223598,180.66814846904208,174.39630805647982,165.60369194352018
3.16666666635,1,"{'1': -2.760140091476209, '2': -inf}",24.486390791264057,24.486390791264057,130.0655501674566,213.3985012120269,173.3142524206961,166.6857475793039
3.19999999968,1,"{'1': -2.8303814436647654, '2': -inf}",24.578053698177825,24.578053698177825,125.17390521817075,217.0975824405682,172.09658414894793,167.90341585105207
3.23333333301,1,"{'1': -2.8712896621374715, '2': -inf}",24.74592279006032,24.74592279006032,135.0687856761747,206.43806937443398,170.90549947948205,169.09450052051795
3.26666666634,1,"{'1': -2.8787386342255386, '2': -inf}",24.909449246430786,24.909449246430786,153.99084409404142,185.62005427793525,169.7884746023871,170.2115253976129
3.29999999967,1,"{'1': -2.8871677648009015, '2': -inf}",25.026812956757635,25.026812956757635,151.48112011837455,187.62731168902403,168.7085143361744,171.2914856638256
3.333333333,1,"{'1': -2.7821760958316837, '2': -inf}",25.120317787073944,25.120317787073944,162.0440289618963,179.94067165495161,167.7346267789862,172.2653732210138
3.36666666633,1,"{'1': -2.728217417097047, '2': -inf}",25.13748263806669,25.13748263806669,210.81726322464382,133.52868190461191,166.8009732068548,173.1990267931452
3.39999999966,1,"{'1': -2.6303509878201603, '2': -inf}",25.12438614407568,25.12438614407568,177.74265535334757,165.16263343140088,165.88325110340108,174.11674889659892
3.4333333329899998,1,"{'1': -2.5601800684398004, '2': -inf}",25.09494159085273,25.09494159085273,190.9907962173569,149.62125480662837,164.9428448552629,175.05715514473707
3.46666666632,1,"{'1': -2.5244169926964415, '2': -inf}",25.081738420834164,25.081738420834164,149.7628858905091,192.5495292296697,163.98517306460448,176.01482693539552
3.49999999965,1,"{'1': -2.4957921384282415, '2': -inf}",25.07815187260537,25.07815187260537,136.559500823485,206.4660680001084,163.0581231673187,176.9418768326813
3.53333333298,1,"{'1': -2.364801208689897, '2': -inf}",25.068275944700723,25.068275944700723,165.39354628651114,178.18161762590822,162.23428565073638,177.76571434926362
3.5666666663099997,1,"{'1': -2.0541663008014543, '2': -inf}",25.038052400604464,25.038052400604464,172.27266043043971,170.27603313002552,161.51025975651663,178.48974024348334
3.59999999964,1,"{'1': -1.9761389177607223, '2': -inf}",24.99623252893433,24.99623252893433,148.7494403554276,195.82589584511317,160.93928304584327,179.06071695415673
3.63333333297,1,"{'1': -2.046668186502338, '2': -inf}",24.903112686740243,24.903112686740243,118.24665863521625,227.41342792481862,160.3319086649622,179.66809133503776
3.6666666663,1,"{'1': -2.108349760890287, '2': -inf}",24.88175072889642,24.88175072889642,124.44418012512615,221.69865831304494,159.84227341531897,180.157726584681
3.6999999996299997,1,"{'1': -2.2269721636418263, '2': -inf}",24.850846217463957,24.850846217463957,128.56051450085937,216.05421113396346,159.5547967011126,180.4452032988874
3.73333333296,1,"{'1': -2.3668413798677, '2': -inf}",24.735676842472603,24.735676842472603,134.12769498543463,207.17057280450604,159.27459980956675,180.72540019043325
3.76666666629,1,"{'1': -2.4538184730093233, '2': -inf}",24.66193554156228,24.66193554156228,140.22153036760866,201.19844263847705,159.1455990711019,180.8544009288981
3.79999999962,1,"{'1': -2.552104657145951, '2': -inf}",24.55533428578293,24.55533428578293,143.04545920141973,198.6447013404613,159.4267015869011,180.5732984130989
3.83333333295,1,"{'1': -2.824940200647202, '2': -inf}",24.233973059800128,24.233973059800128,150.86444364335955,190.10961937162028,159.80369100949878,180.1963089905012
3.86666666628,1,"{'1': -3.162218367817788, '2': -inf}",23.89044119155395,23.89044119155395,149.86111422056214,190.55855540780175,160.72598435679777,179.27401564320223
3.89999999961,1,"{'1': -3.5756578604264364, '2': -inf}",23.24658916077526,23.24658916077526,136.28870424189793,200.94958425740174,161.88573073056173,178.11426926943824
3.9333333329399998,1,"{'1': -4.024982544001397, '2': -inf}",22.58815070497191,22.58815070497191,130.05365329480347,206.54263853046155,163.6505106008567,176.34948939914327
3.96666666627,1,"{'1': -4.332314596332533, '2': -inf}",21.85234267700744,21.85234267700744,144.14461598589963,194.12899825030405,166.36106280750568,173.63893719249432
3.9999999996,1,"{'1': -4.59524596805694, '2': -inf}",20.80171615848552,20.80171615848552,163.10201050088912,177.83115434449113,169.06556728263803,170.93443271736197
4.03333333293,1,"{'1': -4.7871487664551235, '2': -inf}",20.088514689960995,20.088514689960995,169.9273916999629,172.85697974641133,172.2247651526529,167.77523484734706
4.06666666626,1,"{'1': -4.692248979510746, '2': -inf}",19.41706211154384,19.41706211154384,172.26342470415418,171.56011378668734,175.9187884441507,164.0812115558493
4.09999999959,1,"{'1': -4.630621153564534, '2': -inf}",18.697804999211336,18.697804999211336,172.69981526007672,171.4795042157343,179.60327635003796,160.396723649962
4.1333333329199995,1,"{'1': -4.588761384611748, '2': -inf}",18.343236510845163,18.343236510845163,173.050444517967,171.17142041668592,183.5847163187225,156.41528368127746
4.16666666625,1,"{'1': -4.489305862033603, '2': -inf}",18.11338487681464,18.11338487681464,173.74215774902441,168.99553196402348,187.4979261630256,152.5020738369744
4.19999999958,1,"{'1': -4.3474791081668, '2': -inf}",17.989083625402063,17.989083625402063,173.56051101204423,168.33893489147928,191.24698107448936,148.75301892551062
4.23333333291,1,"{'1': -4.132331843803893, '2': -inf}",17.994332490682435,17.994332490682435,170.24694922397023,172.14839300950112,194.98587619143015,145.0141238085698
4.26666666624,1,"{'1': -3.813132765386487, '2': -inf}",18.015006213733574,18.015006213733574,163.1533770598866,171.32875557937524,198.6695894638304,141.33041053616958
4.29999999957,1,"{'1': -3.6012119168996826, '2': -inf}",18.07064945514518,18.07064945514518,164.689666045412,171.1041675231908,202.3310704988748,137.66892950112518
4.3333333329,1,"{'1': -3.2974848867181183, '2': -inf}",18.14208881082439,18.14208881082439,194.37722879404552,139.6469581103608,205.83564652389603,134.16435347610394
4.3666666662299995,1,"{'1': -3.1239640183867063, '2': -inf}",18.306625645229744,18.306625645229744,160.00637978754798,184.89133141408524,208.49987063669457,131.50012936330543
4.39999999956,1,"{'1': -2.9252998183694516, '2': -inf}",18.9918907690857,18.9918907690857,162.79471417972107,173.93095564207172,210.2732687896224,129.72673121037764
4.43333333289,1,"{'1': -2.1949285652771313, '2': -inf}",20.14124063590468,20.14124063590468,199.2117212622785,141.74347216833883,210.4648689943731,129.5351310056269
4.46666666622,1,"{'1': -2.014768291110228, '2': -inf}",22.013409794294155,22.013409794294155,209.13550150682573,130.73257385830567,207.84936414113588,132.15063585886412
4.49999999955,1,"{'1': -2.139058240074456, '2': -inf}",25.48901317017992,25.48901317017992,118.33744338921318,225.8410722590119,205.37214553981715,134.62785446018287
4.53333333288,1,"{'1': -2.098636392693079, '2': -inf}",28.571231378856236,28.571231378856236,150.12564211940867,193.24705687710804,201.87470452443068,138.1252954755693
4.56666666621,1,"{'1': -2.0180730695050246, '2': -inf}",32.01538631707656,32.01538631707656,189.39317067841705,152.55183675441432,195.7110702268749,144.28892977312506
4.59999999954,1,"{'1': -1.9694687827324944, '2': -inf}",36.97497683652997,36.97497683652997,173.33320676916242,163.93648470908457,190.6287954684171,149.37120453158286
4.6333333328699995,1,"{'1': -1.9410466272554556, '2': -inf}",40.84862736284362,40.84862736284362,181.92859566801422,157.76142344438637,183.0895631084117,156.9104368915883
4.6666666662,1,"{'1': -1.959057725171529, '2': -inf}",46.15239698246271,46.15239698246271,160.33354260821724,185.29786240634238,178.12801106124198,161.87198893875802
4.69999999953,1,"{'1': -1.9912528092750907, '2': -inf}",49.98877983906852,49.98877983906852,207.77590002742326,137.53981826217048,174.08609811441588,165.9139018855841
4.73333333286,1,"{'1': -2.017292673901909, '2': -inf}",53.603945131424446,53.603945131424446,193.09675348921024,145.22986749285624,169.693479612736,170.306520387264
4.76666666619,1,"{'1': -1.9617474101847927, '2': -inf}",57.909229043428944,57.909229043428944,162.03557833051377,175.10608767460963,168.2335546212207,171.7664453787793
4.79999999952,1,"{'1': -1.8507137405133833, '2': -inf}",60.590683453711335,60.590683453711335,163.05461449132082,174.8286597557595,168.20676799487754,171.79323200512246
4.83333333285,1,"{'1': -2.040428921289446, '2': -inf}",62.70191893174989,62.70191893174989,98.12537856230179,238.77217310345955,169.1408160065854,170.8591839934146
4.8666666661799995,1,"{'1': -2.128751775631471, '2': -inf}",64.54147652250042,64.54147652250042,134.2498520599152,205.52257482739844,171.4822874852144,168.51771251478556
4.89999999951,1,"{'1': -2.190255782486941, '2': -inf}",65.40374213960222,65.40374213960222,192.43540963152827,145.58644536000884,174.65637490965966,165.3436250903403
4.93333333284,1,"{'1': -2.123898557082084, '2': -inf}",65.72201334409242,65.72201334409242,194.61211652268196,136.78913059933495,178.35501573989018,161.64498426010982
4.96666666617,1,"{'1': -2.1811609624917128, '2': -inf}",65.61672555558953,65.61672555558953,164.65417035647056,171.03884755834298,181.8839052108429,158.1160947891571
4.9999999995,1,"{'1': -2.5110052300144448, '2': -inf}",65.58155618828268,65.58155618828268,98.35350413973987,242.2331208487952,185.400069965415,154.59993003458496
5.03333333283,1,"{'1': -2.648546112326093, '2': -inf}",65.57477985509077,65.57477985509077,131.48106376908052,208.69905516028126,188.9430911010258,151.0569088989742
5.06666666616,1,"{'1': -2.855882998008414, '2': -inf}",65.49977423301813,65.49977423301813,114.63178026903476,223.30363513875463,191.81825058498785,148.18174941501218
5.09999999949,1,"{'1': -3.0299177386495044, '2': -inf}",65.51634080765811,65.51634080765811,108.49287351558871,230.91968234122325,194.1491139110756,145.8508860889244
5.1333333328199995,1,"{'1': -3.033177562084905, '2': -inf}",65.52287335257815,65.52287335257815,151.31723552280684,187.00989027714934,195.93529424477984,144.06470575522016
5.16666666615,1,"{'1': -2.929791608706442, '2': -inf}",65.48901654848824,65.48901654848824,199.45748142719694,138.669816696159,197.01270520506336,142.98729479493662
5.19999999948,1,"{'1': -2.774248506162129, '2': -inf}",65.53448817689583,65.53448817689583,198.78285552623393,139.87153839913768,197.39856448166464,142.60143551833536
5.23333333281,1,"{'1': -2.659526573075625, '2': -inf}",65.64579037675026,65.64579037675026,176.11350607820393,163.751208485205,196.1729777685693,143.8270222314307
5.26666666614,1,"{'1': -2.6838091495171605, '2': -inf}",66.40547940041763,66.40547940041763,137.33974109338655,197.4823980434539,193.85951773044337,146.1404822695566
5.29999999947,1,"{'1': -2.693742748602675, '2': -inf}",67.81100887842709,67.81100887842709,142.30542508496876,191.6379668019764,190.8877137448435,149.1122862551565
5.3333333328,1,"{'1': -2.6624634315720406, '2': -inf}",69.64374415116882,69.64374415116882,160.76949093647642,176.9584290792937,186.56012870586588,153.43987129413412
5.3666666661299995,1,"{'1': -2.638188528444613, '2': -inf}",72.3471397458213,72.3471397458213,161.13185899672303,176.73443005793968,183.04683420528397,156.95316579471606
5.39999999946,1,"{'1': -2.608270170293641, '2': -inf}",74.42458165592713,74.42458165592713,157.09631288329015,180.8056204129377,178.3983988895581,161.60160111044186
5.43333333279,1,"{'1': -2.610958019171983, '2': -inf}",77.19876005059693,77.19876005059693,169.31849467986342,169.34519748642134,174.86187556020997,165.13812443979
5.46666666612,1,"{'1': -2.5199130257855367, '2': -inf}",79.14588261563567,79.14588261563567,184.98476973545667,156.69194826386993,171.69409896729366,168.30590103270632
5.49999999945,1,"{'1': -2.3389183951566084, '2': -inf}",80.77177838197906,80.77177838197906,174.75493992471928,167.54160444726222,168.23504569344328,171.76495430655672
5.53333333278,1,"{'1': -2.3788993924677047, '2': -inf}",82.50701167373538,82.50701167373538,198.72832284827328,144.50055299599893,165.83663963276794,174.16336036723203
5.56666666611,1,"{'1': -2.405149509037183, '2': -inf}",83.4303865342268,83.4303865342268,166.25366746807188,176.87019582990024,163.8726966465516,176.1273033534484
5.59999999944,1,"{'1': -2.457657363457664, '2': -inf}",83.95732621853647,83.95732621853647,182.25217034496984,159.0429469418639,161.91744214385093,178.08255785614907
5.6333333327699995,1,"{'1': -2.445197488315186, '2': -inf}",84.36047983407452,84.36047983407452,163.4182780452358,179.1682046095317,160.22349061382482,179.77650938617518
5.6666666661,1,"{'1': -2.5151396966657456, '2': -inf}",84.49755843346617,84.49755843346617,175.00550788858627,165.28608241125394,158.61363541464394,181.3863645853561
5.69999999943,1,"{'1': -2.588251005913923, '2': -inf}",84.47421942939846,84.47421942939846,172.66038381667872,169.04488308521957,157.0006445978301,182.9993554021699
5.73333333276,1,"{'1': -2.6368133425592877, '2': -inf}",84.37930398087109,84.37930398087109,139.8894816662875,203.49178202230962,155.4451752158717,184.55482478412827
5.76666666609,1,"{'1': -2.7546867143493645, '2': -inf}",84.23383264024362,84.23383264024362,98.7244170707388,245.69673960433136,153.9999926660499,186.00000733395007
5.79999999942,1,"{'1': -2.806365857069629, '2': -inf}",84.025930182648,84.025930182648,159.52994686453653,185.01212527704396,153.51892398976327,186.48107601023676
5.83333333275,1,"{'1': -2.862667846028405, '2': -inf}",83.22292326215721,83.22292326215721,196.95537014282385,147.44263737473923,153.676940802282,186.323059197718
5.8666666660799995,1,"{'1': -2.967125540209036, '2': -inf}",81.97644135993131,81.97644135993131,198.8818893469032,139.293472676095,154.31206082306366,185.68793917693637
5.89999999941,1,"{'1': -3.010507516968632, '2': -inf}",80.35022737461316,80.35022737461316,189.2115605592753,144.46060935108886,155.9973881152915,184.0026118847085
5.93333333274,1,"{'1': -2.984745387441266, '2': -inf}",77.98034386226148,77.98034386226148,184.96404647103034,155.60114353442845,157.05912426969434,182.9408757303057
5.96666666607,1,"{'1': -2.9934009117644984, '2': -inf}",76.04321445678747,76.04321445678747,135.9119179577611,205.09986419937127,158.34229809867767,181.65770190132235
5.9999999994,1,"{'1': -2.9588217996494914, '2': -inf}",73.95176756807633,73.95176756807633,145.35466551065028,194.15761289878003,160.87462347570894,179.12537652429106
6.03333333273,1,"{'1': -2.976773244963096, '2': -inf}",70.98954728085708,70.98954728085708,133.64494380833384,202.6194680338329,162.20925242510077,177.79074757489923
6.06666666606,1,"{'1': -2.9761474145409217, '2': -inf}",68.82095294292577,68.82095294292577,130.28576714819053,206.29471549981253,163.36644155952715,176.63355844047285
6.09999999939,1,"{'1': -2.9873426197711015, '2': -inf}",66.77837080914804,66.77837080914804,143.95725190476855,196.38946938971745,165.6070505114317,174.39294948856826
6.1333333327199995,1,"{'1': -3.0155090042461214, '2': -inf}",64.01939818241495,64.01939818241495,189.33740769223465,151.23292835981528,166.89716079561023,173.10283920438974
6.16666666605,1,"{'1': -3.1265813399156768, '2': -inf}",61.896461674110455,61.896461674110455,217.2350635768214,120.45318067218501,167.8975404251344,172.1024595748656
6.19999999938,1,"{'1': -3.25562430700774, '2': -inf}",59.9682134802796,59.9682134802796,227.84705731526867,109.55330186299643,169.42968812648886,170.57031187351114
6.23333333271,1,"{'1': -3.310864529624756, '2': -inf}",57.75349113139573,57.75349113139573,229.01099298209505,115.20608410716484,169.84904943991936,170.15095056008064
6.26666666604,1,"{'1': -3.32382318111753, '2': -inf}",56.39756695135634,56.39756695135634,227.08728383763253,118.58713158208732,170.52311399806538,169.47688600193462
6.29999999937,1,"{'1': -3.3770855456599254, '2': -inf}",54.96086023946015,54.96086023946015,204.55469481660646,140.41422894047622,170.57554694398607,169.4244530560139
6.3333333327,1,"{'1': -3.41395233539514, '2': -inf}",54.05187641206518,54.05187641206518,196.74817103689182,147.4693131857398,170.17243539685953,169.82756460314047
6.3666666660299995,1,"{'1': -3.4498438642917515, '2': -inf}",53.5075767047217,53.5075767047217,197.77555155371522,143.59890970490792,169.47562214384612,170.52437785615385
6.39999999936,1,"{'1': -3.7531814595943542, '2': -inf}",53.280392212395554,53.280392212395554,80.70674171053159,255.77744601293983,168.81084864310705,171.18915135689295
6.43333333269,1,"{'1': -4.080213980079571, '2': -inf}",53.15920746864629,53.15920746864629,76.17184117442976,260.3107935234991,168.08548979681575,171.91451020318425
6.46666666602,1,"{'1': -4.493541196502761, '2': -inf}",53.14823725414101,53.14823725414101,64.1138817052326,272.4152078732952,167.46975281201293,172.53024718798704
6.49999999935,1,"{'1': -4.594727563129248, '2': -inf}",53.179258567029706,53.179258567029706,97.84079431046524,238.20253747159643,167.01570207413965,172.98429792586035
6.53333333268,1,"{'1': -4.63017704995501, '2': -inf}",53.17652880751989,53.17652880751989,108.07063613061032,228.17753516026914,166.70263214129992,173.29736785870006
6.56666666601,1,"{'1': -4.861030884003888, '2': -inf}",53.17055857178732,53.17055857178732,80.24243087146826,255.76505563130505,166.58491353418978,173.41508646581022
6.59999999934,1,"{'1': -5.199949222947953, '2': -inf}",53.11901990346976,53.11901990346976,71.51273443823392,265.0383655155414,166.55492240582993,173.44507759417007
6.6333333326699995,1,"{'1': -5.337655839847466, '2': -inf}",53.08703331342705,53.08703331342705,103.89354226942905,233.37592854666102,166.55344807276722,173.44655192723275
6.666666666,1,"{'1': -5.464672033633843, '2': -inf}",53.05458870266743,53.05458870266743,108.12472382773625,229.25553859484927,166.38898260424114,173.61101739575886
6.69999999933,1,"{'1': -5.550572829864781, '2': -inf}",53.04493986578281,53.04493986578281,102.37006747108973,235.1942227495262,166.15182903664362,173.84817096335638
6.73333333266,1,"{'1': -5.6759850906716816, '2': -inf}",53.02088730311315,53.02088730311315,107.8433505907198,229.75697636385704,165.816599186889,174.183400813111
6.76666666599,1,"{'1': -5.7889058508843885, '2': -inf}",52.97306273363523,52.97306273363523,105.83399430889087,232.57053839843996,165.28496898897706,174.71503101102294
6.79999999932,1,"{'1': -5.958410132334705, '2': -inf}",52.97892416913436,52.97892416913436,97.98159418533581,240.96738675051623,164.71679361765626,175.28320638234374
6.83333333265,1,"{'1': -6.034292812836003, '2': -inf}",52.94249457509751,52.94249457509751,112.42580484984948,225.83619721278956,164.05748480032395,175.94251519967605
6.8666666659799995,1,"{'1': -6.117980412325281, '2': -inf}",52.88240977724829,52.88240977724829,118.23455897271518,220.46250245188693,163.2782448275327,176.72175517246728
6.899999999309999,1,"{'1': -6.30257232167221, '2': -inf}",52.82046976851338,52.82046976851338,94.65577664624865,244.85712318948404,162.40757741621948,177.59242258378052
6.93333333264,1,"{'1': -6.446365718768347, '2': -inf}",52.75294533759009,52.75294533759009,100.15984245136221,238.4979486362682,161.5771596493552,178.4228403506448
6.96666666597,1,"{'1': -6.445589723769756, '2': -inf}",52.58614983938199,52.58614983938199,116.88027500353321,222.70247887532452,160.93299476774052,179.06700523225945
6.9999999993,1,"{'1': -6.486376379678703, '2': -inf}",52.212025805994905,52.212025805994905,111.31297961384492,229.72813303469255,160.2123449609956,179.7876550390044
7.03333333263,1,"{'1': -6.447955229458582, '2': -inf}",51.81168682517435,51.81168682517435,148.51624622725822,192.41182657061563,159.7354430296598,180.2645569703402
7.06666666596,1,"{'1': -6.429891834234884, '2': -inf}",51.19543890446179,51.19543890446179,172.15574670659115,171.3251092470394,159.97029062743326,180.02970937256674
7.09999999929,1,"{'1': -6.424164568054776, '2': -inf}",50.07334631758767,50.07334631758767,171.29007154459725,170.16638473687007,160.00128145522623,179.99871854477374
7.1333333326199995,1,"{'1': -6.420269448800306, '2': -inf}",49.08339140301226,49.08339140301226,157.8076106281147,180.94459651044158,160.75635510044688,179.2436448995531
7.16666666595,1,"{'1': -6.426698632531841, '2': -inf}",47.58816729120321,47.58816729120321,153.09279267936915,185.81955882389954,161.15295342530206,178.8470465746979
7.19999999928,1,"{'1': -6.445945294940107, '2': -inf}",46.34492557411323,46.34492557411323,139.91005632971928,199.65427762666445,161.72343970100698,178.276560298993
7.23333333261,1,"{'1': -6.676215791390495, '2': -inf}",44.97599900610808,44.97599900610808,84.54848795185798,254.60824287597703,163.14488746726212,176.85511253273788
7.26666666594,1,"{'1': -6.720267749255171, '2': -inf}",43.01812279222396,43.01812279222396,118.51775944276984,222.46956025534615,163.76524418005943,176.23475581994057
7.29999999927,1,"{'1': -6.707371456329484, '2': -inf}",41.58057584325684,41.58057584325684,147.63666754611918,193.72381476464128,164.1915616791568,175.80843832084318
7.3333333326,1,"{'1': -6.69968083515356, '2': -inf}",40.27941173246767,40.27941173246767,171.06192406326076,170.94886541839335,165.1743437762172,174.8256562237828
7.3666666659299995,1,"{'1': -6.70903592867788, '2': -inf}",38.60173465183818,38.60173465183818,185.2855739657762,156.09608034622272,165.46473895341302,174.53526104658695
7.399999999259999,1,"{'1': -6.736584386680661, '2': -inf}",37.40409451489533,37.40409451489533,190.46239176756285,150.66324491313057,165.69219141397716,174.30780858602284
7.43333333259,1,"{'1': -6.763667890201067, '2': -inf}",36.24818783689241,36.24818783689241,178.99270707541604,161.85447861669908,166.06926740389684,173.93073259610316
7.46666666592,1,"{'1': -6.874332203036874, '2': -inf}",34.95757139302049,34.95757139302049,127.03480255588062,214.31140816603175,165.8833734398678,174.11662656013218
7.49999999925,1,"{'1': -7.022595680425104, '2': -inf}",34.148401066623435,34.148401066623435,126.82443141871397,213.8190611438531,165.7164047689001,174.2835952310999
7.53333333258,1,"{'1': -7.29170753003935, '2': -inf}",33.401068329964616,33.401068329964616,108.2384813666494,231.09503501008317,165.59860426855408,174.40139573144592
7.56666666591,1,"{'1': -7.576572483377166, '2': -inf}",32.676871261315526,32.676871261315526,117.63125555989524,222.37053208407985,165.18701038884186,174.81298961115814
7.59999999924,1,"{'1': -7.945244470797094, '2': -inf}",32.26410106149218,32.26410106149218,115.35395276452103,225.3318937491618,164.78075933559657,175.21924066440343
7.6333333325699995,1,"{'1': -8.41914595023796, '2': -inf}",31.92244601468001,31.92244601468001,117.76405690454693,223.88739885127646,164.500432973669,175.499567026331
7.6666666659,1,"{'1': -9.12926103072057, '2': -inf}",31.58145805056237,31.58145805056237,114.86909342788809,226.88708804435527,164.15014082382424,175.84985917617576
7.69999999923,1,"{'1': -9.8753401321348, '2': -inf}",31.36589317854516,31.36589317854516,122.3434717635319,220.01848712421773,163.84239775467177,176.15760224532823
7.73333333256,1,"{'1': -10.831589069726924, '2': -inf}",31.207127511404927,31.207127511404927,131.56718598615856,210.8919844187646,163.80661512713618,176.19338487286382
7.76666666589,1,"{'1': -12.115448897921096, '2': -inf}",30.95268604604778,30.95268604604778,133.62178391800094,208.14561814416916,163.818923377862,176.181076622138
7.79999999922,1,"{'1': -13.487148032225722, '2': -inf}",30.736969142695887,30.736969142695887,134.7796912054189,206.5636089953565,163.90113704725528,176.09886295274472
7.83333333255,1,"{'1': -14.313255452004533, '2': -inf}",30.548812214730678,30.548812214730678,135.47988025704785,205.28572173883316,164.2477732168664,175.75222678313358
7.8666666658799995,1,"{'1': -15.408197923340033, '2': -inf}",30.269358833600624,30.269358833600624,140.83939171333577,200.5538743751468,164.8226496579863,175.1773503420137
7.899999999209999,1,"{'1': -16.376347334842993, '2': -inf}",30.02062166445795,30.02062166445795,151.8178593728961,189.83833207184662,166.14867138186804,173.85132861813196
7.93333333254,1,"{'1': -17.070027977220363, '2': -inf}",29.60742947533376,29.60742947533376,149.53474878922907,191.65318656167503,167.98558911489417,172.0144108851058
7.96666666587,1,"{'1': -17.41629369974157, '2': -inf}",29.183613035949136,29.183613035949136,147.00115917964982,193.6513621186381,170.26148535537803,169.73851464462197
7.9999999992,1,"{'1': -17.54231449469642, '2': -inf}",28.773336827141467,28.773336827141467,146.53095651555424,193.7664246147159,173.09153234945822,166.90846765054175
8.03333333253,1,"{'1': -17.496999360023754, '2': -inf}",28.329605083996597,28.329605083996597,146.29639209005663,194.75228468750504,176.36930619403935,163.63069380596065
8.06666666586,1,"{'1': -17.38015020579674, '2': -inf}",27.933911436451435,27.933911436451435,147.42338742439125,194.21855526127067,179.72805066571297,160.27194933428703
8.09999999919,1,"{'1': -17.247316072490015, '2': -inf}",27.58922367050081,27.58922367050081,144.7414441954473,198.75473339969335,182.89931222427367,157.1006877757263
8.13333333252,1,"{'1': -17.040538557593223, '2': -inf}",27.361650311462547,27.361650311462547,141.1718331440135,204.3584584890289,185.8348993859171,154.1651006140829
8.16666666585,1,"{'1': -16.334269359622713, '2': -inf}",27.31353471458774,27.31353471458774,135.3380493523705,209.24707955154213,188.70984891828792,151.29015108171208
8.19999999918,1,"{'1': -15.586513634146257, '2': -inf}",27.317504505636165,27.317504505636165,167.65158485487814,172.90360767320374,191.60640716761057,148.39359283238943
8.23333333251,1,"{'1': -14.931495914596129, '2': -inf}",27.311658332812627,27.311658332812627,154.96124412123905,189.7599679517122,194.4111807061669,145.5888192938331
8.266666665839999,1,"{'1': -14.135101854808953, '2': -inf}",27.34914129108325,27.34914129108325,179.39776877036638,162.95216256437135,196.7594799698577,143.2405200301423
8.29999999917,1,"{'1': -13.497390833129947, '2': -inf}",27.440495116499253,27.440495116499253,161.90966558902159,180.73146667376366,198.23270395893584,141.76729604106418
8.3333333325,1,"{'1': -12.424799799651042, '2': -inf}",27.765378380985105,27.765378380985105,173.53500994307961,173.08676410134672,198.72661360528755,141.27338639471242
8.36666666583,1,"{'1': -11.876844698697653, '2': -inf}",28.395684227030017,28.395684227030017,167.46069408125277,169.9564000908132,197.85159062754104,142.14840937245896
8.39999999916,1,"{'1': -11.391091829510637, '2': -inf}",29.598742712528274,29.598742712528274,187.3026512611417,151.36519390475556,194.2440169409744,145.7559830590256
8.43333333249,1,"{'1': -11.033842361716985, '2': -inf}",32.30313149193487,32.30313149193487,184.44858512557354,153.68269658363587,190.4913067787304,149.5086932212696
8.46666666582,1,"{'1': -11.243100257235332, '2': -inf}",34.88573489706406,34.88573489706406,182.70389201421816,155.31609410025098,186.3133226230565,153.68667737694346
8.499999999149999,1,"{'1': -11.799992521915371, '2': -inf}",37.625772151184194,37.625772151184194,179.52606115662667,159.2428897055361,180.42665651019632,159.57334348980368
8.53333333248,1,"{'1': -12.519058598881006, '2': -inf}",41.42072857867435,41.42072857867435,184.71290005960714,154.82347871320218,175.63492030258695,164.36507969741305
8.56666666581,1,"{'1': -13.352090250384228, '2': -inf}",44.32062435442447,44.32062435442447,134.8559288188053,206.5668547211477,170.59303198333723,169.40696801666274
8.59999999914,1,"{'1': -13.81200251119736, '2': -inf}",47.27081805335752,47.27081805335752,141.9196972492847,198.260940330876,164.6972558642857,175.3027441357143
8.63333333247,1,"{'1': -14.163423538311305, '2': -inf}",50.7573077441729,50.7573077441729,131.4441515588872,210.52502537499223,160.6163788653012,179.38362113469876
8.6666666658,1,"{'1': -14.25698628075293, '2': -inf}",52.83590700493437,52.83590700493437,146.95097396625542,191.64931783004138,156.94330621874045,183.05669378125955
8.69999999913,1,"{'1': -14.123181110637958, '2': -inf}",54.49482210248139,54.49482210248139,174.63869444949216,163.70763109475973,153.48351190088502,186.51648809911495
8.733333332459999,1,"{'1': -13.725440719228516, '2': -inf}",55.91040933442712,55.91040933442712,139.9187475409319,202.6482557082505,151.0429434718463,188.9570565281537
8.76666666579,1,"{'1': -13.273711610028972, '2': -inf}",56.43909759433114,56.43909759433114,174.81758068564096,163.22954498427308,149.0205208278389,190.9794791721611
8.79999999912,1,"{'1': -12.686615564261183, '2': -inf}",56.58924907210769,56.58924907210769,150.3352607494403,179.97793559975472,147.3229273169797,192.67707268302027
8.83333333245,1,"{'1': -12.083034699629946, '2': -inf}",56.46993088694966,56.46993088694966,145.7284081680111,196.4086213777641,145.9137190542988,194.0862809457012
8.86666666578,1,"{'1': -11.47862402989158, '2': -inf}",56.16560294277296,56.16560294277296,134.6894130793443,205.1338285420282,145.8240720536242,194.1759279463758
8.89999999911,1,"{'1': -11.208482529152718, '2': -inf}",55.0344034186601,55.0344034186601,197.3666995420879,144.0308532713823,146.64704740670115,193.35295259329885
8.93333333244,1,"{'1': -10.854658237251098, '2': -inf}",53.28359640427612,53.28359640427612,152.70757381119267,187.26187122586066,148.59883612634889,191.4011638736511
8.96666666577,1,"{'1': -10.956943303440895, '2': -inf}",50.728954278870766,50.728954278870766,88.40814977746446,250.4310823518108,152.469492492877,187.53050750712296
8.9999999991,1,"{'1': -10.957878434973921, '2': -inf}",46.7745531509593,46.7745531509593,117.42276583647055,222.52501317608215,155.01824020105963,184.9817597989404
9.033333332429999,1,"{'1': -11.08320624841797, '2': -inf}",43.70795768573518,43.70795768573518,113.24130263536469,225.71623135056421,157.5534946773866,182.4465053226134
9.06666666576,1,"{'1': -11.338442340126155, '2': -inf}",40.63253178050134,40.63253178050134,111.41713067836115,225.68849768067014,161.53568115759427,178.4643188424057
9.09999999909,1,"{'1': -11.299425822735417, '2': -inf}",36.56507898770956,36.56507898770956,158.49077647161133,180.44454942323668,164.01982830663405,175.98017169336595
9.13333333242,1,"{'1': -11.525320591152068, '2': -inf}",33.597643124399355,33.597643124399355,174.65043729084334,164.04013583721814,166.1572356186632,173.8427643813368
9.16666666575,1,"{'1': -11.64451560977613, '2': -inf}",30.97016056222957,30.97016056222957,176.2558992425012,165.78705923569422,168.820291584833,171.179708415167
9.19999999908,1,"{'1': -11.783733611797519, '2': -inf}",28.102300776908585,28.102300776908585,140.7021813156124,199.18340155543075,170.3370280320705,169.6629719679295
9.23333333241,1,"{'1': -11.883126425171996, '2': -inf}",26.21568718913131,26.21568718913131,185.1854670747789,153.1859500581958,171.5979982380894,168.40200176191058
9.266666665739999,1,"{'1': -12.201410151265486, '2': -inf}",24.60704922066185,24.60704922066185,225.47696740857072,111.7058818582764,172.5364275459946,167.4635724540054
9.29999999907,1,"{'1': -12.306320802585953, '2': -inf}",23.30246470849293,23.30246470849293,157.86693673595022,181.8946818379222,172.5768532699302,167.4231467300698
9.3333333324,1,"{'1': -12.437515914112598, '2': -inf}",22.819175755649844,22.819175755649844,142.15225465474276,198.48721672956196,172.52403835868944,167.47596164131056
9.36666666573,1,"{'1': -12.515422214778098, '2': -inf}",22.55873073396949,22.55873073396949,141.01035049391265,199.5291657558262,172.4848342228956,167.5151657771044
9.39999999906,1,"{'1': -12.480765443650093, '2': -inf}",22.429490728406783,22.429490728406783,177.33377304697726,163.8534708878223,172.44479664665295,167.555203353347
9.43333333239,1,"{'1': -12.547809705298148, '2': -inf}",22.42813598870139,22.42813598870139,205.89056013564687,132.83940399595804,172.3489512658454,167.6510487341546
9.46666666572,1,"{'1': -12.5949905885506, '2': -inf}",22.452728542914908,22.452728542914908,203.66059503537141,134.5619123770845,172.22883707578637,167.77116292421363
9.499999999049999,1,"{'1': -12.42930656544699, '2': -inf}",22.45707910040816,22.45707910040816,192.2272341178353,149.17228579521182,172.05749363084328,167.94250636915672
9.53333333238,1,"{'1': -12.17857304084801, '2': -inf}",22.453203352643715,22.453203352643715,189.87437969826587,150.43483430742364,171.76383417054797,168.23616582945203
9.56666666571,1,"{'1': -11.928543254155741, '2': -inf}",22.486491765383523,22.486491765383523,173.653377104873,164.1326511432763,171.43520910208483,168.56479089791517
9.59999999904,1,"{'1': -11.740050839714947, '2': -inf}",22.51267743137682,22.51267743137682,190.69997995884785,146.87854959818736,171.04587277479814,168.95412722520186
9.63333333237,1,"{'1': -11.766719173604592, '2': -inf}",22.53543006276934,22.53543006276934,206.15818522336008,131.52321917909705,170.62048736467054,169.37951263532946
9.6666666657,1,"{'1': -11.742915135583727, '2': -inf}",22.55076035175232,22.55076035175232,186.37734523043872,151.92848894605626,170.17602441089332,169.82397558910668
9.69999999903,1,"{'1': -11.692725473343877, '2': -inf}",22.531582009400893,22.531582009400893,178.90759367539218,159.31261149208908,169.6530495427959,170.34695045720406
9.733333332359999,1,"{'1': -11.132452666217556, '2': -inf}",22.52567803056509,22.52567803056509,178.7804367039861,159.28249686724433,169.1046766377793,170.8953233622207
9.76666666569,1,"{'1': -10.538017234742052, '2': -inf}",22.498402904147756,22.498402904147756,185.8566988192918,152.53233114122628,168.43830834241498,171.56169165758502
9.79999999902,1,"{'1': -9.770005111439175, '2': -inf}",22.504653148466872,22.504653148466872,183.5418040842623,155.80489925794484,167.70466249292895,172.29533750707105
9.83333333235,1,"{'1': -9.463879584057254, '2': -inf}",22.52426942020367,22.52426942020367,189.8002782594928,150.514720363732,166.9763428474841,173.0236571525159
9.86666666568,1,"{'1': -9.230668376989504, '2': -inf}",22.5037392234607,22.5037392234607,181.83102038067838,160.59551378927785,166.17014312162163,173.82985687837837
9.89999999901,1,"{'1': -8.68460492733514, '2': -inf}",22.519149838789257,22.519149838789257,158.6566101886969,183.37302111022393,165.37559940168416,174.62440059831582
9.93333333234,1,"{'1': -8.042462726788528, '2': -inf}",22.536434740918484,22.536434740918484,143.87576094017496,196.8864426626238,164.64167394908253,175.35832605091747
